Id_1,str_var
"1","12.3456000"
"2","12.3456000"
"3","12.3456000"
"4","12.3456000"