Id_1,Me_1
"1","12.3456000"
"2","12.3456000"
"3","12.3456000"
"4","12.3456000"