DT_RFRNC,ENTTY_RIAD_ID,CV_TTL,DV_TTL,CV_NN_PRFRMNG,DV_NN_PRFRMNG
2016-10-1,20642219,90000.0,90000.0,90000.0,90000.0
2016-10-1,20642202,10000.0,10000.0,,
2016-10-1,20642218,90000.0,90000.0,,
2016-10-1,20642205,90000.0,90000.0,,
2016-10-1,20642203,87583.33333,129250.0,,
2016-10-1,20642201,45916.66667,66750.0,,
