DT_RFRNC,OBSRVD_AGNT_ID,INSTRMNT_ID,CNTRCT_ID,THRD_PRTY_PRRTY_CLMS,PRTCTN_ALLCTD_VL,PAV_PRTCTN,PAV_INSTMRNT,SHR_PAV_PRTCTN,SHR_PAV_INSTRMNT,OTHR_INSTRMNT_PAV_PRTCTN,SHR_ONA_CRDTR,ANNLSD_AGRD_RT,DT_NXT_INTRST_RT_RST,DFLT_STTS,DT_DFLT_STTS,TRNSFRRD_AMNT,ARRRS,DT_PST_D,TYP_SCRTSTN,OTSTNDNG_NMNL_AMNT,ACCRD_INTRST,OFF_BLNC_SHT_AMNT
2016-10-1,20642001,I_1,C_A,0,1000,1000.0,8000.0,1.0,0.125,0.0,1.0,0.02,,,,0,0,,,11250.0,200.0,
2016-10-1,20642001,I_2,C_B,0,0,0.0,2500.0,0.0,0.0,0.0,1.0,0.03,,,,0,0,,,0.0,100.0,2500.0
2016-10-1,20642001,I_3,C_C,0,1500,1500.0,91500.0,1.0,0.01639344262295082,0.0,1.0,0.02,,,,90000,0,,,1475.409836065574,200.0,
2016-10-1,20642001,I_5,C_E,0,40000,40000.0,85000.0,1.0,0.47058823529411764,0.0,1.0,0.02,,,,0,100,2016-05-31,,42352.94117647059,200.0,
2016-10-1,20642001,I_6,C_F,0,100000,110000.0,100000.0,0.9090909090909091,1.0,10000.0,0.625,0.02,,,,150000,0,,,125000.0,125.0,
2016-10-1,20642001,I_7,C_G,20000,10000,110000.0,10000.0,0.09090909090909091,1.0,100000.0,0.85,0.02,,,,3000,0,,,8500.0,50.0,100.0
