Id_1,Id_2,Id_3,Id_4,Me_1,Me_2
2012,B,Total,Total,2.718281828459045,2.718281828459045
2012,G,Total,Total,148.4131591025766,148.4131591025766
2012,S,Total,Total,1.0,1.0
2012,M,Total,Total,0.36787944117144233,0.36787944117144233
2012,F,Total,Total,2980.9579870417283,2980.9579870417283
2012,W,Total,Total,7.38905609893065,7.38905609893065