Id_1,Id_2,Id_3,Id_4,Me_1,Me_2
2012,B,Total,Total,0.999999327347282,0.999999327347282
2012,G,Total,Total,4.9999999386673215,4.999999938667321
2012,S,Total,Total,0.0,0.0
2012,M,Total,Total,-1.0000256640940912,-1.0000256640940912
2012,F,Total,Total,7.999997320642403,7.999997320642403
