Id_1,Id_2,Id_3,Id_4,Me_1,Me_2
2012,B,Total,Total,0.16666666666666666,0.16666666666666666
2012,G,Total,Total,0.4,0.4
2012,S,Total,Total,0.75,0.75
2012,M,Total,Total,1.3333333333333333,1.3333333333333333
2012,F,Total,Total,2.5,2.5
2012,W,Total,Total,6.0,6.0