Id_1,Me_1
1,100.0000000000
2,200.0000000000
3,300.0000000000
