Id_1,Me_1,Me_2
1,1.41421356,0.141421
2,1.41421356,1.3316656