Id_1,Me_1,Me_2
1,2,0.020000000000000014
2,2,1.7733333333333334