Id_1,Me_3,Me_4
1,0.70710678,
2,7.0710678,1