Id_1,Me_1
1,1.6094379124341003
2,1.0986122886681098
3,1.3862943611198906
4,0.0