Id_1,Me_1
1,2980.9579870417283
2,148.4131591025766
3,2.718281828459045
4,1.0