Id_1,Me_1
1,0
2,0.6931471805599453
3,1.0986122886681098
4,1.3862943611198906