Id_1,Id_2,Id_3,Me_1,Me_2
A,XX,2000,1.5811388300841898,3.112474899497183
A,XX,2001,1.247219128924647,1.699673171197595
A,XX,2002,0.5,1.5
A,XX,2003,0.0,0.0
A,YY,2000,2.2776083947860752,1.8708286933869707
A,YY,2001,2.3570226039551585,2.0548046676563256
A,YY,2002,2.5,2.5
A,YY,2003,0.0,0.0