Id_1,Id_2,Id_3,Me_1,Me_2
A,XX,2000,4.333333333333333,16
A,XX,2001,2.333333333333333,4.333333333333334
A,XX,2002,0.5,4.5
A,XX,2003,,
A,YY,2000,7.0,1.0
A,YY,2001,8.333333333333334,6.333333333333334
A,YY,2002,12.5,12.5
A,YY,2003,,