Id_1,Id_2,Id_3,Me_1,Me_2,Me_11,Me_22
A,XX,2000,3,1,2.0816659994661326,4
A,XX,2001,4,9,1.8257418583505538,3.593976442141304
A,XX,2002,7,5,1.8257418583505538,3.593976442141304
A,XX,2003,6,8,1.8257418583505538,3.593976442141304
A,YY,2000,9,3,2.6457513110645907,1
A,YY,2001,5,4,2.6299556396765835,2.160246899469287
A,YY,2002,10,2,2.6299556396765835,2.160246899469287
A,YY,2003,5,7,2.6299556396765835,2.160246899469287