Id_1,Id_2,Id_3,Me_1,Me_2,Me_11,Me_22
A,XX,2000,3,1,4.333333333333333,16
A,XX,2001,4,9,2.333333333333333,4.333333333333334
A,XX,2002,7,5,0.5,4.5
A,XX,2003,6,8,,
A,YY,2000,9,3,7,1
A,YY,2001,5,4,8.333333333333334,6.333333333333334
A,YY,2002,10,2,12.5,12.5
A,YY,2003,5,7,,