Id_1,Id_2,Id_3,Me_1,Me_2,Me_11,Me_22
A,XX,2000,3,1,1.5811388300841898,3.112474899497183
A,XX,2001,4,9,1.247219128924647,1.699673171197595
A,XX,2002,7,5,0.5,1.5
A,XX,2003,6,8,0.0,0.0
A,YY,2000,9,3,2.277608394786075,1.8708286933869707
A,YY,2001,5,4,2.357022603955158,2.0548046676563256
A,YY,2002,10,2,2.5,2.5
A,YY,2003,5,7,0.0,0.0