BLNC_SHT_TTL_CRRNCY,ANNL_TRNVR_CRRNCY,NMBR_EMPLYS
166666666.66666666,1666666.6666666667,166.66666666666666
