DIM_1,DIM_2,OBS_VALUE,Me_4
A,A,100,100
A,B,102,102
B,B,14206.490766,14206.490766
C,B,10130,10130
C,C,,
C,D,29929.036014,29929.036014
