Id_1,Me_1
"1","12.3456789"
"2","3412.56789"
"3","345612.789"
"4","3456712.89"