Id_1,str_var
"1","12.3456789"
"2","12.3456789"
"3","12.3456789"
"4","12.3456789"